tool	yearPublished	generalField	specificField
antepiseeker	2010	Biological.sciences	Bioinformatics
antepiseeker	2010	Maths/Stats	Statistics
apg	2008	Computer.sciences	Computer.science
asgenseng	2015	Biological.sciences	Genetics
baliphy	2006	Biological.sciences	Genetics
baliphy	2006	Maths/Stats	Mathematics
barry	1987	Maths/Stats	Statistics
batalign	2015	Computer.sciences	Computer.science
bfast	2009	Biological.sciences	Genetics
bfc	2015	Biological.sciences	Genetics
bicseq	2011	Biological.sciences	Genetics
bicseq	2011	Computer.sciences	Informatics
binpacker	2016	Computer.sciences	Computer.science
bismark	2011	Biological.sciences	Bioinformatics
bismarkbowtiela	2011	Biological.sciences	Bioinformatics
bismarkbowtielb	2011	Biological.sciences	Bioinformatics
bismarkbowtielc	2011	Biological.sciences	Bioinformatics
biss	2012	Biological.sciences	Bioinformatics
blue	2014	Computer.sciences	Informatics
bowtie	2009	Biological.sciences	Bioinformatics
bowtie2	2012	Biological.sciences	Bioinformatics
bowtiestar	2009	Biological.sciences	Bioinformatics
bratbw	2010	Computer.sciences	Computer.science
breakdancer	2009	Biological.sciences	Genetics
breakseek	2015	Biological.sciences	Bioinformatics
breakseq	2010	Biological.sciences	Bioinformatics
bridger	2015	Maths/Stats	Mathematics
bsmap	2009	Biological.sciences	Biostatistics
bsmooth	2012	Biological.sciences	Biostatistics
buckycon	2010	Maths/Stats	Statistics
buckymrbayes	2010	Maths/Stats	Statistics
buckymrbayesspa	2010	Maths/Stats	Statistics
buckypop	2010	Maths/Stats	Statistics
buckyraxml	2010	Maths/Stats	Statistics
builder	 1995	Biological.sciences	Molecular.biology
caml	2006	Biological.sciences	Bioinformatics
canu	2017	Biological.sciences	Bioinformatics
carma	2008	Biological.sciences	Bioinformatics
cg	2018	Technologies	Medical.informatics
chimpipe	2017	Biological.sciences	Genetics
chopchop	2014	Biological.sciences	Molecular.biology
clark	2015	Computer.sciences	Computer.science
clarks	2015	Computer.sciences	Computer.science
clever	2012	Computer.sciences	Computer.science
clever	2012	Biological.sciences	Genetics
clustal	2011	Biological.sciences	Molecular.medicine
clustalomega	2011	Biological.sciences	Molecular.medicine
clustalw	 2007	Biological.sciences	Molecular.biology
cnmops	2012	Biological.sciences	Bioinformatics
cnvnator	2011	Biological.sciences	Bioinformatics
cnvnorm	2012	Maths/Stats	Statistics
cnvseq	2009	Biological.sciences	Biochemistry
colormap	2016	Maths/Stats	Mathematics
combat	2007	Biological.sciences	Biostatistics
conifer	2012	Biological.sciences	Genetics
contextmap	2015	Computer.sciences	Informatics
contra	2012	Biological.sciences	Bioinformatics
contralign	2006	Computer.sciences	Computer.science
controlfreec	2012	Biological.sciences	Bioinformatics
coprarna	2013	Biological.sciences	Bioinformatics
coprarna	2013	Biological.sciences	Genetics
coral	2011	Computer.sciences	Computer.science
cortex	2012	Biological.sciences	Genetics
cortex	2012	Maths/Stats	Statistics
cosine	2007	Computer.sciences	Computer.science
crac	2013	Computer.sciences	Informatics
crest	2011	Biological.sciences	Bioinformatics
crisp	2010	Biological.sciences	Genetics
crispor	2016	Biological.sciences	Genetics
crisprdo	2016	Biological.sciences	Bioinformatics
cromwell	2005	Biological.sciences	Biostatistics
csblast	2009	Biological.sciences	Genetics
csblast	2009	Biological.sciences	Biochemistry
cushaw	2014	Computer.sciences	Informatics
dali	 2000	Biological.sciences	Molecular.biology
delly	2012	Biological.sciences	Molecular.biology
delly	2012	Biological.sciences	Genetics
deseq2	2014	Biological.sciences	Molecular.biology
deseq2	2014	Biological.sciences	Genetics
desingle	2018	Biological.sciences	Bioinformatics
dexseq	2012	Biological.sciences	Molecular.biology
dialignt	2005	Biological.sciences	Genetics
dialigntx	2008	Biological.sciences	Genetics
diffsplice	2013	Computer.sciences	Computer.science
diffsplice	2013	Biological.sciences	Molecular.medicine
diginormvelvet	 2008	Computer.sciences	Computer.science
diginormvelvet	 2008	Biological.sciences	Genetics
dima	 2013	Computer.sciences	Computer.science
dima	 2013	Biological.sciences	Genetics
dpt	2016	Biological.sciences	Bioinformatics
dsgseq	2013	Biological.sciences	Bioinformatics
ebi	2014	Biological.sciences	Bioinformatics
echo	2011	Computer.sciences	Computer.science
echo	2011	Maths/Stats	Statistics
ectools	2014	Computer.sciences	Computer.science
edenanonstrict	2008	Biological.sciences	Genetics
edenastrict	2008	Biological.sciences	Genetics
edger	2010	Biological.sciences	Bioinformatics
edit	2007	Computer.sciences	Computer.science
elpigraph	2020	Biological.sciences	Bioinformatics
elpigraphcycle	2020	Biological.sciences	Bioinformatics
elpigraphlinear	2020	Biological.sciences	Bioinformatics
embeddr	2015	Biological.sciences	Genetics
epimode	2009	Biological.sciences	Bioinformatics
erds	2012	Biological.sciences	Genetics
ericscript	2012	Biological.sciences	Genetics
exomecnv	2011	Biological.sciences	Biostatistics
exomecnv	2011	Biological.sciences	Genetics
exomecopy	2011	Biological.sciences	Genetics
fasta	 1988	Biological.sciences	Biochemistry
fastlbd	2011	Biological.sciences	Genetics
fastlbd	2011	Biological.sciences	Biostatistics
fastmnn	2018	Biological.sciences	Bioinformatics
fermikit	2015	Biological.sciences	Genetics
fiona	2014	Computer.sciences	Computer.science
fiona	2014	Biological.sciences	Bioinformatics
flashfry	2018	Biological.sciences	Genetics
flye	2016	Computer.sciences	Computer.science
fmlrc	2018	Biological.sciences	Genetics
forestsv	2012	Biological.sciences	Genetics
forks	2017	Biological.sciences	Bioinformatics
fusionmap	2011	Computer.sciences	Informatics
gasvpro	2012	Biological.sciences	Bioinformatics
gasvpro	2012	Computer.sciences	Computer.science
gatk	2010	Biological.sciences	Genetics
genie	2010	Computer.sciences	Computer.science
genomestrip	2011	Biological.sciences	Genetics
genometa	2012	Biological.sciences	Molecular.medicine
germline	2009	Computer.sciences	Computer.science
gojobori	1982	Biological.sciences	Genetics
goldman	1996	Biological.sciences	Genetics
gossamer	2011	Computer.sciences	Computer.science
gpfates	2017	Biological.sciences	Bioinformatics
grandprix	2019	Computer.sciences	Informatics
gridss	2017	Biological.sciences	Bioinformatics
gridss	2017	Biological.sciences	Molecular.medicine
grisl	2020	Biological.sciences	Bioinformatics
grnboost	2019	Biological.sciences	Bioinformatics
grnboost	2019	Biological.sciences	Genetics
gsnap	2010	Biological.sciences	Bioinformatics
harmony	2019	Computer.sciences	Computer.science
harmony	2019	Biological.sciences	Genetics
hhsearch	2005	Biological.sciences	Biochemistry
hisat	2015	Biological.sciences	Bioinformatics
hisat	2015	Biological.sciences	Biostatistics
hitec	2011	Computer.sciences	Computer.science
hitec	2011	Maths/Stats	Mathematics
hmmer	1998	Biological.sciences	Genetics
hshrec	2010	Computer.sciences	Computer.science
hydra	2010	Biological.sciences	Genetics
ibdseq	2013	Biological.sciences	Molecular.medicine
icopydav	2018	Biological.sciences	Bioinformatics
idbatran	2013	Computer.sciences	Computer.science
idbaud	2012	Computer.sciences	Computer.science
igtpduplossft	2010	Computer.sciences	Computer.science
indelminer	2015	Biological.sciences	Bioinformatics
infernal	2002	Biological.sciences	Genetics
infusion	2016	Biological.sciences	Molecular.biology
intarna	2008	Biological.sciences	Bioinformatics
jabba	2015	Biological.sciences	Bioinformatics
jaffa	2015	Biological.sciences	Genetics
jaffaassembly	2015	Biological.sciences	Genetics
jaffadirect	2015	Biological.sciences	Genetics
jaffahybrid	2015	Biological.sciences	Genetics
kalign	2005	Biological.sciences	Genetics
kalign	2005	Biological.sciences	Bioinformatics
karect	2015	Computer.sciences	Computer.science
khmer	2014	Computer.sciences	Computer.science
khmer	2014	Biological.sciences	Genetics
kmergenie	2014	Computer.sciences	Computer.science
kmergenie	2014	Biological.sciences	Biochemistry
kmerstream	2014	Computer.sciences	Computer.science
kmerstream	2014	Biological.sciences	Genetics
kraken	2014	Computer.sciences	Computer.science
kraken	2014	Biological.sciences	Bioinformatics
last	2012	Biological.sciences	Bioinformatics
lasv	2015	Biological.sciences	Biochemistry
lighter	2014	Computer.sciences	Computer.science
lighter	2014	Biological.sciences	Genetics
limpic	2007	Biological.sciences	Molecular.medicine
lmat	2013	Computer.sciences	Computer.science
lofreq	2012	Biological.sciences	Genetics
lordec	2014	Computer.sciences	Computer.science
lsc	2012	Maths/Stats	Statistics
lsqman	1996	Biological.sciences	Molecular.biology
lumpy	2014	Biological.sciences	Genetics
mafft	 2005	Technologies	Medical.informatics
mafftfftns	 2005	Technologies	Medical.informatics
mafftfftns2	 2005	Technologies	Medical.informatics
mafftginsi	 2005	Technologies	Medical.informatics
mafftlinsi	 2005	Technologies	Medical.informatics
mapsplice	2010	Computer.sciences	Computer.science
matchclip	2013	Biological.sciences	Biostatistics
matcher	2017	Computer.sciences	Computer.science
mats	2012	Biological.sciences	Biostatistics
meerkat	2013	Technologies	Medical.informatics
megan	 2011	Biological.sciences	Bioinformatics
merlot	2019	Biological.sciences	Bioinformatics
metaphlan	2012	Biological.sciences	Biostatistics
metaphyler	2010	Computer.sciences	Computer.science
metaphyler	2010	Biological.sciences	Bioinformatics
methylsig	2014	Biological.sciences	Bioinformatics
mfa	2017	Biological.sciences	Genetics
mfa	2017	Computer.sciences	Computer.science
mgrast	2008	Maths/Stats	Mathematics
minia	2013	Computer.sciences	Computer.science
mirdeep	2008	Biological.sciences	Molecular.medicine
mirena	2010	Biological.sciences	Genetics
mmdresnet	2017	Biological.sciences	Bioinformatics
mnncorrect	2018	Biological.sciences	Bioinformatics
modellerv	1993	Biological.sciences	Biochemistry
monocle2	2017	Biological.sciences	Genetics
monocleddrtree	2017	Biological.sciences	Genetics
monocleica	2017	Biological.sciences	Genetics
motu	2013	Biological.sciences	Molecular.biology
mrfast	2009	Biological.sciences	Genetics
mrsfast	2010	Computer.sciences	Computer.science
mrsfast	2010	Biological.sciences	Genetics
multalin	1988	Biological.sciences	Genetics
musket	2013	Computer.sciences	Informatics
nest	2003	Biological.sciences	Biochemistry
nest	2003	Biological.sciences	Bioinformatics
nextgenmap	2013	Biological.sciences	Bioinformatics
nfuse	2012	Computer.sciences	Computer.science
ntcard	2017	Biological.sciences	Genetics
oases	2012	Biological.sciences	Bioinformatics
olego	2013	Maths/Stats	Mathematics
olego	2013	Biological.sciences	Molecular.biology
oncosnpseq	2013	Maths/Stats	Mathematics
openms	2008	Biological.sciences	Bioinformatics
ouija	2019	Biological.sciences	Genetics
ouija	2019	Maths/Stats	Statistics
ouijaflow	2019	Biological.sciences	Genetics
ouijaflow	2019	Maths/Stats	Statistics
paga	2019	Biological.sciences	Bioinformatics
paga	2019	Maths/Stats	Mathematics
pagatree	2019	Biological.sciences	Bioinformatics
pagatree	2019	Maths/Stats	Mathematics
pairfold	2005	Computer.sciences	Computer.science
paralign	 2005	Biological.sciences	Molecular.biology
pbhoneyngm	2014	Biological.sciences	Genetics
pcrelate	2016	Biological.sciences	Biostatistics
pcreode	2018	Biological.sciences	Biochemistry
penncnvseq	2007	Biological.sciences	Genetics
perm	2009	Biological.sciences	Bioinformatics
phenopath	2017	Biological.sciences	Genetics
phenopath	2017	Biological.sciences	Bioinformatics
phylonetft	2008	Computer.sciences	Computer.science
phylopythias	 2011	Biological.sciences	Bioinformatics
phylosift	2014	Biological.sciences	Genetics
phymmbl	2009	Biological.sciences	Bioinformatics
pidc	2017	Biological.sciences	Bioinformatics
pindel	2009	Biological.sciences	Bioinformatics
pizzly	2017	Biological.sciences	Molecular.biology
pizzly	2017	Computer.sciences	Computer.science
plink	2015	Biological.sciences	Genetics
poa	2002	Biological.sciences	Biochemistry
ppcor	2015	Biological.sciences	Biostatistics
prada	2014	Biological.sciences	Bioinformatics
prank	2005	Biological.sciences	Bioinformatics
prestplus	2014	Biological.sciences	Biochemistry
prime	2006	Computer.sciences	Computer.science
prime	2006	Biological.sciences	Bioinformatics
prism	2012	Technologies	Medical.informatics
prism	2012	Computer.sciences	Computer.science
probalign	2006	Computer.sciences	Computer.science
probcons	2005	Computer.sciences	Computer.science
probtree	2008	Computer.sciences	Computer.science
process	2005	Biological.sciences	Genetics
promals	2008	Biological.sciences	Biochemistry
proovread	2014	Biological.sciences	Bioinformatics
pseudogp	2016	Biological.sciences	Genetics
pseudogp	2016	Maths/Stats	Statistics
pt	2006	Computer.sciences	Computer.science
qiime	2010	Biological.sciences	Biochemistry
qiimess	2010	Biological.sciences	Biochemistry
qsra	2009	Computer.sciences	Computer.science
quake	2010	Biological.sciences	Bioinformatics
quake	2010	Computer.sciences	Computer.science
raceid_stemid	2016	Biological.sciences	Genetics
racer	2013	Computer.sciences	Computer.science
raptr	2015	Biological.sciences	Genetics
raven	2020	Biological.sciences	Bioinformatics
ravenna	2006	Computer.sciences	Computer.science
raxml	2014	Computer.sciences	Computer.science
raxml	2014	Computer.sciences	Informatics
raxmllimited	2014	Computer.sciences	Computer.science
raxmllimited	2014	Computer.sciences	Informatics
rdiffparam	2013	Computer.sciences	Computer.science
rdiffparam	2013	Biological.sciences	Molecular.biology
readdepth	2011	Biological.sciences	Bioinformatics
readdepth	2011	Biological.sciences	Genetics
reap	2012	Biological.sciences	Genetics
recat	2017	Biological.sciences	Bioinformatics
reckoner	2017	Computer.sciences	Informatics
redbean	2020	Computer.sciences	Computer.science
redbean	2020	Technologies	Medical.informatics
refinedibd	2013	Biological.sciences	Molecular.medicine
relateadmix	2014	Biological.sciences	Genetics
relateadmix	2014	Biological.sciences	Bioinformatics
repeatfinder	2001	Biological.sciences	Genetics
repeatgluer	2004	Maths/Stats	Mathematics
repeatscout	2005	Computer.sciences	Computer.science
reptile	2010	Biological.sciences	Bioinformatics
rmap	2009	Biological.sciences	Bioinformatics
rnacofold	2006	Biological.sciences	Biochemistry
rnaduplex	2011	Biological.sciences	Biochemistry
rnahybrid	2004	Biological.sciences	Bioinformatics
rnaplex	2008	Biological.sciences	Biochemistry
rnaup	2006	Biological.sciences	Biochemistry
rsearch	2003	Biological.sciences	Genetics
rsicnv	2014	Biological.sciences	Biostatistics
rsmatch	2005	Biological.sciences	Biochemistry
rswseg	2010	Technologies	Medical.informatics
rswseg	2010	Biological.sciences	Molecular.medicine
rum	2011	Biological.sciences	Bioinformatics
rum	2011	Biological.sciences	Genetics
scanorama	2019	Computer.sciences	Computer.science
scanorama	2019	Maths/Stats	Mathematics
scdd	2016	Biological.sciences	Biostatistics
scdd	2016	Maths/Stats	Statistics
scde	2014	Technologies	Medical.informatics
scgen	2018	Biological.sciences	Bioinformatics
scimitar	2017	Biological.sciences	Genetics
scmerge	2019	Maths/Stats	Mathematics
scode	2017	Biological.sciences	Bioinformatics
scorpius	2016	Technologies	Medical.informatics
scoup	2016	Biological.sciences	Bioinformatics
scuba	2014	Biological.sciences	Biostatistics
seqmap	2008	Maths/Stats	Statistics
seurat	2018	Biological.sciences	Genetics
sgrnascorer	2017	Biological.sciences	Genetics
sharcgs	2007	Biological.sciences	Genetics
shasta	2020	Biological.sciences	Genetics
shrimp	2009	Computer.sciences	Computer.science
sigemd	2018	Computer.sciences	Computer.science
sincell	2015	Biological.sciences	Bioinformatics
sincera	2015	Technologies	Medical.informatics
sincerities	2018	Biological.sciences	Bioinformatics
singe	2019	Biological.sciences	Biostatistics
slice	2017	Technologies	Medical.informatics
slicer	2016	Computer.sciences	Computer.science
slicer	2016	Biological.sciences	Bioinformatics
slingshot	2018	Biological.sciences	Biostatistics
slingshot	2018	Maths/Stats	Statistics
snap	2011	Biological.sciences	Molecular.medicine
sniffles	2018	Computer.sciences	Computer.science
snpruler	2010	Computer.sciences	Computer.science
snver	2011	Computer.sciences	Computer.science
snver	2011	Biological.sciences	Genetics
soap	2008	Biological.sciences	Genetics
soap	2008	Biological.sciences	Biochemistry
soap2	2009	Biological.sciences	Genetics
soap2	2009	Biological.sciences	Biochemistry
soapdenovo	 2010	Biological.sciences	Genetics
soapdenovo	 2010	Biological.sciences	Biochemistry
soapec	2010	Biological.sciences	Genetics
soapec	2010	Biological.sciences	Biochemistry
soapfuse	2013	Biological.sciences	Genetics
soapsplice	2011	Computer.sciences	Computer.science
soapstar	2009	Biological.sciences	Genetics
soapstar	2009	Biological.sciences	Biochemistry
soaptrans	2014	Computer.sciences	Computer.science
socrates	2014	Biological.sciences	Bioinformatics
softsearch	2013	Technologies	Medical.informatics
softsv	2016	Technologies	Medical.informatics
spades	2012	Computer.sciences	Computer.science
spadessc	2012	Computer.sciences	Computer.science
sparse	2012	Biological.sciences	Genetics
sparseassembler	2012	Biological.sciences	Genetics
spcomp	2013	Biological.sciences	Bioinformatics
srmapper	2012	Biological.sciences	Biochemistry
ssaha	2001	Computer.sciences	Informatics
ssake	2007	Biological.sciences	Genetics
ssc	2015	Biological.sciences	Biostatistics
ssearch	1991	Biological.sciences	Biochemistry
ssm	2003	Biological.sciences	Bioinformatics
sst	2001	Computer.sciences	Computer.science
st	2004	Computer.sciences	Computer.science
starbeast	2010	Computer.sciences	Computer.science
starchip	2018	Biological.sciences	Genetics
stemnet	2017	Biological.sciences	Genetics
strcutal	1993	Biological.sciences	Biochemistry
subread	2013	Biological.sciences	Bioinformatics
subread	2013	Computer.sciences	Computer.science
svaba	2018	Biological.sciences	Bioinformatics
svelter	2016	Biological.sciences	Bioinformatics
svelter	2016	Biological.sciences	Genetics
svfinder	2014	Biological.sciences	Biostatistics
svseq	2012	Computer.sciences	Computer.science
swissmodel	2003	Biological.sciences	Bioinformatics
taipan	2009	Computer.sciences	Computer.science
targetrna	2008	Computer.sciences	Computer.science
targetrna2	2014	Computer.sciences	Computer.science
taxatortk	2015	Biological.sciences	Bioinformatics
tcoffee	2000	Biological.sciences	Genetics
team	2010	Computer.sciences	Computer.science
team	2010	Biological.sciences	Biostatistics
tiddit	2017	Biological.sciences	Biochemistry
tophat	2013	Biological.sciences	Bioinformatics
tophat	2013	Computer.sciences	Computer.science
tophatfusion	2011	Biological.sciences	Bioinformatics
tophatfusion	2011	Computer.sciences	Computer.science
topslam	2016	Computer.sciences	Computer.science
transabyss	2010	Biological.sciences	Genetics
tscan	2016	Biological.sciences	Biostatistics
ulysses	2015	Biological.sciences	Bioinformatics
urd	2018	Biological.sciences	Molecular.biology
variationhunter	2009	Computer.sciences	Computer.science
variationhunter	2009	Biological.sciences	Genetics
varscan	2012	Biological.sciences	Genetics
vcake	2007	Biological.sciences	Genetics
velvet	2008	Biological.sciences	Bioinformatics
waterfall	2015	Biological.sciences	Molecular.medicine
wham	2015	Biological.sciences	Genetics
wublast	2003	Biological.sciences	Bioinformatics
xcmswithcorrection	2006	Biological.sciences	Molecular.biology
xcmswithoutretentiontime	2006	Biological.sciences	Molecular.biology
zinbwave	2018	Biological.sciences	Bioinformatics
